Id,中文,繁体,英文,西班牙语,德语,法语,印度尼西亚,葡萄牙语,泰语,意大利语
Id,Chinese,Chinese_tw,English,Spanish,German,French,Indonesian,Portugese,Thai,Italian
string,string,string,string,string,string,string,string,string,string,string
txt_or,或,或,or,ou,o,oder,o,ou,หรือ,atau
txt_work_time,烹饪时间:,烹飪時間:,Work time:,Temps de travail?:,Tempo di lavoro:,Arbeitszeit:,Tiempo de trabajo:,Tempo de trabalho:,เวลางาน:,Waktu kerja:
txt_upgrade_level,下次升级在关卡{0}解锁,下次升級在{0}關解鎖,Next upgrade at level {0},Prochaine mise à jour au niveau {0},Prossimo miglioramento al livello {0},N?chstes Upgrade auf Stufe {0},Siguiente actualización en el nivel {0},Próximo upgrade no nível {0},อัปเกรดครั้งต่อไปที่ระดับ {0},Peningkatan berikutnya di level {0}
txt_unlock,{0}关解锁,{0}關解鎖,Level {0},Niveau {0},Livello {0},Level {0},Nivel {0},Nível {0},ระดับ {0},Tingkat {0}
txt_unlock_x,未解锁,未解鎖,Not unlocked,Non déverrouillé,Non sbloccato,Nicht freigeschaltet,No desbloqueado,N?o desbloqueado,ไม่ได้ปลดล็อก,Terkunci
txt_num,数量:,數量:,Number:,Numéro?:,Numero:,Nummer:,Número:,Número:,จำนวน:,Jumlah:
txt_burn_time,烧焦时间:,燒焦時間:,Burn time:,Durée de cuisson?:,Tempo di bruciatura:,Brenndauer:,Tiempo de quemar:,Tempo de queima:,เวลาเผาไหม้:,Waktu pembakaran:
txt_fresh_decay,保鲜减缓:,保鮮減緩:,Fresh decay:,Décomposition fra?che?:,Scadenza:,Frischer Verfall:,Deterioro fresco:,Decadência recente:,การสลายตัวใหม่:,Peluruhan baru:
txt_game_level,第{0}关,第{0}關,Level {0},Niveau {0},Livello {0},Level {0},Nivel {0},Nível {0},ระดับ {0},Tingkat {0}
txt_cw_hight_lev,已拥有,已擁有,Owend,Piégé,Posseduto,Besessen,Owend,Possuído,เป็นเจ้าของ,Dimiliki
txt_level,{0}级,{0}級,Lev {0},Niv {0},Liv {0},Lev {0},Lev {0},Nível {0},ระดับ {0},Tingkat {0}
cookmore,"购买新厨具,{0}烹饪更多菜品!","購買新廚具,{0}烹飪更多菜品!",Cooking more dishes!,Cuisiner plus de plats?!,Cucina più piatti!,Mehr Gerichte kochen!,?Cocinando más platos!,Preparando mais pratos!,ทำอาหารเพิ่ม!,Memasak lebih banyak hidangan!
txt_trying_holding,试用将在明天0点结束! {0}购买{1}对烹饪更有帮助。,試用將在明天0點結束! {0}購買{1}對烹飪更有幫助。,Try time will end the next day! {0} Buy {1} for more useful.,Le temps d'essai se terminera le lendemain! {0} Achète {1} pour plus d'utilité.,Il tempo di prova finirà il giorno successivo! {0} Acquista {1} per ulteriore utilizzo.,Die Testzeit endet am n?chsten Tag! {0} Kaufen Sie {1} für weitere nützliche Informationen.,?El tiempo de prueba terminará al día siguiente! {0} Compra {1} para obtener más información.,O tempo de teste terminará no dia seguinte! {0} Compre {1} para obter mais informa??es.,ลองเวลาจะสิ้นสุดในวันถัดไป! {0} ซื้อ {1} เพื่อประโยชน์มากขึ้น,Waktu percobaan akan berakhir keesokan harinya! {0} Beli {1} untuk lebih bermanfaat.
txt_trying_finish,{0}试用已经结束啦，现在去商店购买？,{0}試用已經結束啦，現在去商店購買？,"{0} trial is over, purchase now from the shop?","{0} la période d'essai est terminée, acheter maintenant dans la boutique??","{0} il periodo di prova è terminato, acquistare ora dal negozio?","{0} Testversion ist beendet, jetzt im Shop kaufen?","{0} la prueba ha terminado, ?comprar ahora en la tienda?","O teste de {0} acabou, comprar agora na loja?",การทดลองใช้ {0} สิ้นสุดลงแล้ว ซื้อตอนนี้จากร้านค้าหรือไม่?,"Uji coba {0} sudah berakhir, beli sekarang dari toko?"
purchased,购买成功!,購買成功!,Purchased success!,Achat réussi!,Acquisto riuscito!,Gekaufter Erfolg!,??xito comprado!,Sucesso na compra!,ซื้อสำเร็จ!,Membeli berhasil!
fast_cook,速度最快,速度最快,Fast cooking!,Cuisson rapide!,Cucina veloce!,Schnelles kochen!,?Cocción rápida!,Cozimento rápido!,ทำอาหารเร็ว!,Memasak cepat!
never_burn,永不烧焦,永不烧焦,Never burn!,Ne br?le jamais tes plats!,Non bruciare nulla!,Niemals verbrennen!,?Nunca te quemes!,Nunca queime!,ห้ามเผา!,Jangan pernah terbakar!
upgrade_gem,用钻石来升级?,用鑽石來升級?,Upgrade with diamonds?,Mettre à niveau avec des diamants?,Migliorare con i diamanti?,Upgrade mit Diamanten?,?Actualizar con diamantes?,Atualizar com diamantes?,อัปเกรดด้วยเพชร?,Tingkatkan dengan berlian?
upgrade_coin_gem,用金币和钻石一起来升级?,用金幣和鑽石一起來升級?,Upgrade with diamonds and coins?,Mettre à niveau avec des diamants et des pièces?,Migliorare con diamanti e monete?,Upgrade mit Diamanten und Münzen?,?Actualizar con diamantes y monedas?,Atualizar com diamantes e moedas?,อัปเกรดด้วยเพชรและเหรียญ?,Tingkatkan dengan berlian dan koin?
unlock_tip,已解锁!,已解鎖!,unlocked!,déverrouillé!,sbloccato!,freigeschaltet!,?desbloqueado!,desbloqueado!,ปลดล็อค!,tidak terkunci!
lose_enery,您将会丢失{0}X{1},您將會丟失{0}x{1},You will lost {0} X{1},Tu vas perdre {0} X {1},Perderai {0}X{1},Sie werden {0} X {1} verlieren,Perderás {0}X{1},Você perderá {0} X {1},คุณจะสูญเสีย {0} X {1},Kau akan kehilangan {0} X {1}
guide_welcome,欢迎来到梦幻餐厅物语！瞧~第一位顾客已经来了。,歡迎來到夢幻餐廳物語！瞧~第一位顧客已經在來了。,Welcome to My Restaurant Empire! Look~ the first customer is coming.,Bienvenue dans My Restaurant Empire! Regarde ~ le premier client arrive.,"Benvenuto in My Restaurant Empire! Guarda, sta arrivando il primo cliente.",Willkommen bei My Restaurant Empire! Schau ~ der erste Kunde kommt.,?Bienvenido a Mi Imperio de Restaurantes! Mira ~ viene el primer cliente.,Bem-vindo ao My Restaurant Empire! Olha ~ o primeiro cliente está chegando.,ยินดีต้อนรับสู่ My Restaurant Empire! ดูสิลูกค้าคนแรกกำลังจะมา,Selamat datang di Kerajaan Restoran Milikku! Lihat ~ pelanggan pertama akan datang.
guide_cus_want,顾客想要{0}，我们来制作吧。,顧客想要{0}，我們來製作吧。,A {0} is ordered. Let's make it now.,Un {0} est commandé. Préparons-le maintenant.,Viene ordinato un {0}. Prepariamolo.,Eine {0} wird bestellt. Lassen Sie es uns jetzt machen.,Pide un {0}. Hagámoslo ahora.,Um {0} é pedido. Vamos fazer isso agora.,สั่งซื้อ {0} มาสร้างกันเถอะ,A {0} dipesan. Ayo buat sekarang.
md_take_sth,拿取{0},拿取{0},Get the {0},Prends le(s) {0},Ottieni il {0},Holen Sie sich die {0},Obtén el {0},Pegue o {0},รับ {0},Dapatkan {0}
md_put_to_sth,把它放进{0},把它放進{0},Put it on the {0}!,Mets-le sur le {0}!,Mettilo su {0}!,Setzen Sie es auf die {0}!,?Ponlo en el {0}!,Coloque no {0}!,วางไว้บน {0}!,Taruh di {0}!
md_put_them_to_sth,把它们放进{0},把它們放進{0},Put them on the {0}!,Mets-les sur le {0}?!,Mettili su {0}!,Setzen Sie diese auf die {0}!,?Ponlos en el {0}!,Coloque-os no {0}!,วางไว้บน {0}!,Tempatkan mereka di {0}!
md_pick_cooked_food,请拿起做好的菜品。,請拿起做好的菜品。,Please pick up the cooked dish!,Prends le plat cuisiné!,Prendi il piatto cucinato!,Bitte holen Sie das gekochte Gericht ab!,"?Por favor, recoge el plato cocinado!",Pegue o prato cozido!,กรุณาหยิบจานที่ปรุงแล้ว!,Silakan ambil hidangan yang sudah dimasak!
md_take_to_cus,把它拿给顾客。,把它拿給顧客。,Please give it to the customer!,Donne-le au client!,Servilo al cliente!,Bitte geben Sie es dem Kunden!,?Dáselo al cliente!,"Por favor, dê ao cliente!",ขอมอบให้ลูกค้า!,Tolong berikan pada pelanggan!
md_cook_more,好极了！一起招待顾客赚取更多钱吧。,好極了！一起招待顧客賺取更多錢吧。,Fantastic! Earn more by serving more customers!,Fantastique! Gagne plus en servant plus de clients!,Fantastico! Guadagna di più servendo più clienti!,"Fantastisch! Verdienen Sie mehr, indem Sie mehr Kunden bedienen!",?Fantástico! ?Gana más atendiendo a más clientes!,Fantástico! Ganhe mais atendendo a mais clientes!,สุดยอด! รับรายได้มากขึ้นจากการให้บริการลูกค้ามากขึ้น!,Fantastis! Hasilkan lebih banyak dengan melayani lebih banyak pelanggan!
md_take2_ing,双手拿食材能提高工作效率！,雙手拿食材能提高工作效率！,Pick up ingredients on both hands to improve efficiency.,Ramasse les ingrédients avec les deux mains pour améliorer l'efficacité.,Raccogli gli ingredienti con entrambe le mani per migliorare l'efficienza.,"Nehmen Sie die Zutaten mit beiden H?nden auf, um die Effizienz zu verbessern.",Recoge los ingredientes con las dos manos para mejorar la eficiencia.,Pegue os ingredientes com as duas m?os para melhorar a eficiência.,หยิบส่วนผสมทั้งสองมือเพื่อปรับปรุงประสิทธิภาพ,Ambil bahan di kedua tangan untuk meningkatkan efisiensi.
md_help_service,提前做好菜品，能让我们快速服务顾客。,提前做好菜品，能讓我們快速服務顧客。,Pre-make dishes to serve customers faster.,Prépare des plats pour servir les clients plus rapidement.,Prepara i piatti per servire i clienti più velocemente.,"Bereiten Sie Gerichte im vorhinein vor, um die Kunden schneller zu bedienen.",Prepara platos para servir a los clientes más rápido.,Pré-prepare os pratos para atender mais rapidamente os clientes.,ทำอาหารล่วงหน้าเพื่อให้บริการลูกค้าได้เร็วขึ้น,Hidangan dibuat sebelumnya untuk melayani pelanggan lebih cepat.
md_pre_make,{0}不会烧焦，提前做好菜品，下次服务顾客更轻松。,{0}不會燒焦，提前做好菜品，下次服務顧客更輕鬆。,{0} doesn't burn. Pre-make the dish and serve it with ease.,{0} ne br?le pas. Prépare le plat et sers-le facilement.,{0} non brucia. Prepara il piatto e servilo con facilità.,{0} brennt nicht. Bereiten Sie das Gericht im vorhinein vor und servieren Sie es mit Leichtigkeit.,{0} no se quema. Prepara el plato y sírvelo con facilidad.,{0} n?o queima. Pré-prepare o prato e sirva com facilidade.,{0} ไม่ไหม้ เตรียมอาหารล่วงหน้าและเสิร์ฟได้อย่างง่ายดาย,{0} tidak terbakar. Buat hidangan terlebih dahulu dan sajikan dengan mudah.
put_ing_back,点击相同食材能放回货架。,點擊相同食材能放回貨架。,Tap the same ingredient to shelf it.,Appuie sur le même ingrédient pour le conserver.,Tocca lo stesso ingrediente per conservarlo.,"Tippen Sie auf dieselbe Zutat, um sie zu lagern.",Toca el mismo ingrediente para almacenarlo.,Toque no mesmo ingrediente para colocá-lo na prateleira.,แตะส่วนผสมเดียวกันเพื่อจัดเก็บ,Ketuk bahan yang sama untuk menyimpannya.
take_burn_food,菜品烧焦了，把它拿起来扔进垃圾桶!,菜品燒焦了，把它拿起來扔進垃圾桶!,Food overburned. Pick it up and throw it in the trash！,Nourriture trop cuite. Prends-la et jette-la à la poubelle!,Cibo bruciato. Raccoglilo e gettalo nella spazzatura!,Essen verbrannt. Heben Sie es auf und werfen Sie es in den Müll!,Comida requemada. Recógela y tírala a la basura!,Alimento queimado demais. Pegue-o e jogue-o no lixo!,อาหารไหม้เกินไป หยิบแล้วทิ้งลงถังขยะ,Makanan gosong. Ambil dan buang ke tempat sampah!
trash_follow_guide,点击垃圾桶，把烧焦或多余的食材丢掉。,點擊垃圾桶，把燒焦或多餘的食材丟掉。,Tap the trash can to throw overburned or unwanted food away.,Appuie sur la poubelle pour jeter les aliments trop br?lés ou indésirables.,Tocca il cestino per gettare via il cibo bruciato o indesiderato.,"Tippen Sie auf den Mülleimer, um verbrannte oder unerwünschte Lebensmittel wegzuwerfen.",Toca el cubo de basura para tirar la comida quemada o no deseada.,Toque na lixeira para jogar fora alimentos queimados ou indesejados.,แตะถังขยะเพื่อทิ้งอาหารที่ไหม้เกรียมหรือไม่ต้องการทิ้งไป,Ketuk tempat sampah untuk membuang makanan yang terlalu gosong atau tidak diinginkan.
trash_finished_trash,不错，学会使用垃圾桶了，点击继续烹饪吧!,不錯，學會使用垃圾桶了，點擊繼續烹飪吧!,Well done! Let's cooking dishes now.,Bien joué! Préparons les plats maintenant.,Molto bene! Adesso cuciniamo i piatti.,Gut gemacht! Lassen Sie uns jetzt Gerichte kochen.,?Bien hecho! Vamos a cocinar platos ahora.,Bem feito! Vamos cozinhar pratos agora.,ทำได้ดี! มาทำอาหารกันเถอะ,Sudah selesai dilakukan dengan baik! Ayo masak masakan sekarang.
trash_put_to_cw,请将手上的{0}放进{1},請將手上的{0}放進{1},Please put {0} on the {1}.,Mets le(s) {0} sur le {1}.,Metti {0} su {1}.,Bitte setzen Sie {0} auf die {1}.,Coloca {0} en el {1}.,Coloque {0} no {1}.,โปรดใส่ {0} บน {1},Harap letakkan {0} di {1}.
md_no_ing_cw,{0}是预置食材的厨具，点击就能工作，来试一下吧~,{0}是預置食材的廚具，點擊就能工作，來試一下吧~,Tap this kitchenware to pre-make your dish. Try it!,Appuie sur cet ustensile de cuisine pour préparer ton plat. Go?te-le!,Tocca queste stoviglie per preparare il piatto. Provalo!,"Tippen Sie auf dieses Küchengeschirr, um Ihr Gericht vorzubereiten. Versuchen Sie es!",Toca estos utensilios de cocina para preparar previamente su plato. ?Inténtalo!,Toque neste utensílio de cozinha para pré-preparar seu prato. Tente!,แตะเครื่องครัวนี้เพื่อทำอาหารล่วงหน้า ลองมัน!,Ketuk peralatan dapur ini untuk membuat hidanganmu terlebih dahulu. Cobalah!
md_study_mult_food,让多个厨具同时工作，是高手的秘诀！现在学习吧。,讓多個廚具同時工作，是高手的秘訣！現在學習吧。,Cooking multiple dishes at once is the secret to success! Start learning now.,Cuire plusieurs plats à la fois est le secret du succès! Commence à apprendre maintenant.,Cucinare più piatti contemporaneamente è il segreto del successo! Inizia subito a imparare.,"Das gleichzeitige kochen mehrerer Gerichte ist das Erfolgsgeheimnis! Fangen Sie jetzt an, zu lernen.",?Cocinar varios platos a la vez es el secreto del éxito! Empieza a aprender ahora.,Cozinhar vários pratos ao mesmo tempo é o segredo do sucesso! Comece a aprender agora.,การทำอาหารหลายจานพร้อมกันคือเคล็ดลับสู่ความสำเร็จ! เริ่มเรียนรู้เลย,Memasak banyak hidangan sekaligus adalah rahasia kesuksesan! Mulai belajar sekarang.
md_make_other_together,制作{0}的同时，还可以做{1}。,製作{0}的同時，還可以做{1}。,"When making {0}, we can also make {1}.","En préparant un {0}, nous pouvons également préparer un {1}.","Quando prepariamo {0}, possiamo anche preparare {1}.","Wenn wir {0} machen, k?nnen wir auch {1} machen.","Al hacer {0}, también podemos hacer {1}.","Ao fazer {0}, também podemos fazer {1}.",เมื่อสร้าง {0} เราสามารถสร้าง {1} ได้,"Saat membuat {0}, kita juga dapat membuat {1}."
md_remind_use_mult,再练习一下菜品同时制作吧。,再練習一下菜品同時製作吧。,Let's practice making the dishes at the same time.,Entra?nons-nous à faire la vaisselle en même temps.,Esercitiamoci a preparare i piatti contemporaneamente.,"Lassen Sie uns gleichzeitig üben, ddie Gerichte zuzubereiten.",Practiquemos hacer los platos al mismo tiempo.,Vamos praticar fazer os pratos ao mesmo tempo.,มาฝึกทำอาหารไปพร้อม ๆ กัน,Ayo berlatih membuat hidangan pada saat bersamaan.
watchTip_2_cus_come,来了2位顾客，他们要菜品都不同,来了2位顧客，他們要菜品都不同,"There come 2 customers, and they ordered 2 different dishes.",Il y a 2 clients et ils ont commandé 2 plats différents.,Arrivano 2 clienti e ordinano 2 piatti diversi.,"Es kommen 2 Kunden, und sie bestellten 2 verschiedene Gerichte.",Vinieron 2 clientes y pidieron 2 platos diferentes.,Chegaram 2 clientes e eles pediram 2 pratos diferentes.,มีลูกค้ามา 2 คน สั่งคนละ 2 จาน,"Ada 2 pelanggan, dan mereka memesan 2 hidangan berbeda."
watchTip_follow_guide,点击顾客，能查看菜品制作说明.,點擊顧客，能查看菜品制作說明,"Tap on the customer,and check the recipe.",Appuie sur le client et vérifie la recette.,Tocca il cliente e controlla la ricetta.,Tippen Sie auf den Kunden und überprüfen Sie das Rezept.,Toca en el cliente y comprueba la receta.,Toque no cliente e veja a receita.,แตะที่ลูกค้าและตรวจสอบสูตร,"Ketuk pelanggan,dan periksa resepnya."
watch_tip_watch,在这里能查看菜品的制作步骤说明,在這裡能查看菜品的製作步驟說明,Please check the recipe in here.,Vérifie la recette ici.,Controllare la ricetta qui.,Bitte überprüfen Sie das Rezept hier.,Consulta la receta aquí.,Veja a receita aqui.,โปรดตรวจสอบสูตรที่นี่,Silakan cek resepnya di sini.
md_officiallyBegin,好极了，我们开始烹饪吧!,好极了，我們开始烹饪吧!,Good job! Now let's cooking begins!,"Bon travail! Maintenant, la cuisine commence!",Buon lavoro! Ora cominciamo a cucinare!,Gut gemacht! Jetzt geht's ans Kochen!,?Buen trabajo! ?Ahora empieza a cocinar!,Bom trabalho! Agora vamos come?ar a cozinhar!,เก่งมาก! มาเริ่มทำอาหารกันเถอะ!,Kerja bagus! Sekarang mari mulai memasak!
txt_continue_lv,继续游戏,繼續遊戲,Continue,Continuer,Continua,Fortsetzen,Continuar,Continuar,ดำเนินการต่อ,Lanjutkan
txt_second_time,+{0}秒,+{0}秒,+{0}S,+{0}S,+{0}S,+ {0} S.,+{0}S,+{0}S,+{0}วินาที,+{0}S
txt_start_game,开始游戏吧!,開始遊戲吧!,Let's go!,Allons-y!,Andiamo!,Los gehts!,?Vámos!,Vamos lá!,ไปกันเถอะ!,Ayo pergi!
txt_guide_active,活动开启啦，挑战成功将赢得神秘大礼盒!,活動開啟啦，挑戰成功將贏得神秘大禮盒!,"The event is opening, and the challenge will win the mystery gift box!",L'événement s'ouvre et le défi accordera le coffret cadeau mystère!,L'evento si sta aprendo e chi vincerà la sfida otterrà la confezione regalo misteriosa!,Die Veranstaltung wird er?ffnet und die Herausforderung wird die mysteri?se Geschenkbox gewinnen!,?El evento está comenzando y el desafío ganará la misteriosa caja de regalo!,"O evento está abrindo, e o desafio será ganhar a caixa de presente misteriosa!",กิจกรรมกำลังเปิดและความท้าทายจะได้รับกล่องของขวัญลึกลับ!,"Acara dibuka, dan tantangannya adalah memenangkan kotak hadiah misteri!"
txt_open_recipe,点击查看本关的烹饪食谱。,點擊查看本關的烹飪食譜。,Click to review the cooking recipe.,Clique pour revoir la recette de cuisine.,Clicca per rivedere la ricetta.,"Klicken Sie hier, um das Kochrezept zu überprüfen.",Haz clic para comprobar la receta de cocina.,Clique para revisar a receita culinária.,คลิกเพื่อดูสูตรการทำอาหาร,Klik untuk meninjau resep memasak.
txt_open_recipe0,点击菜品查看烹饪步骤,點擊菜品查看烹飪步驟,Click on the dish to view the cooking steps.,Clique sur le plat pour afficher les étapes de cuisson.,Clicca sul piatto per visualizzare le fasi di cottura.,"Klicken Sie auf das Gericht, um die Kochschritte anzuzeigen.",Haz clic en el plato para ver los pasos de cocción.,Clique no prato para ver as etapas da prepara??o.,คลิกที่จานเพื่อดูขั้นตอนการทำอาหาร,Klik hidangan untuk melihat langkah-langkah memasaknya.
txt_open_recipe1,这里展示菜品烹饪的详细步骤,這裡展示菜品烹飪的詳細步驟,Here are the detailed steps to show the cooking of the dishes.,Voici les étapes détaillées pour montrer la préparation des plats.,Ecco i passaggi dettagliati per mostrare la cottura dei piatti.,"Hier sind die detaillierten Schritte, um das Kochen der Gerichte anzuzeigen.",Aquí están los pasos detallados para mostrar la cocción de los platos.,Aqui est?o os passos detalhados para mostrar o preparo dos pratos.,นี่คือขั้นตอนโดยละเอียดเพื่อแสดงการปรุงอาหาร,Ini adalah langkah-langkah detail untuk menunjukkan cara memasak hidangan.
txt_open_recipe2,点击练习烹饪该菜品吧。,點擊練習烹飪該菜品吧。,Click on the practice to cook the dish.,Clique sur la pratique pour cuisiner le plat.,Clicca sulla pratica per cucinare il piatto.,"Klicken Sie auf die ?bung, um das Gericht zu kochen.",Haz clic en el entrenamiento para cocinar el plato.,Clique na prática para preparar o prato.,คลิกที่แบบฝึกทำอาหาร,Klik pada latihan untuk memasak hidangan.
txt_open_recipe3,在挑战之前，先看看本关的烹饪食谱吧。,在挑戰之前，先看看本關的烹飪食譜吧。,Please review the cooking recipe frist!,Consulte la première recette de cuisine!,Rivedere la prima ricetta!,Bitte überprüfen Sie das Kochrezept zuerst!,?Comprueba la receta de cocina primero!,Revise a receita culinária primeiro!,โปรดตรวจสอบสูตรการทำอาหารก่อน!,Silakan tinjau resep masakannya terlebih dahulu!
tip_upgrade_it,关卡太难？升级{0}再来试试吧!,關卡太難？升級{0}再來試試吧!,Too difficult? Please upgrade the {0} now!,Trop difficile? Mets à jour le {0} maintenant!,Troppo difficile? Aggiorna il {0} ora!,Zu schwer? Bitte aktualisieren Sie {0} jetzt!,?Demasiado difícil? ?Actualiza el {0} ahora!,Muito difícil? Atualize o {0} agora!,ยากมาก? โปรดอัปเกรด {0} ทันที!,Terlalu sulit? Mohon tingkatkan {0} sekarang!
tip_upgrade_it1,关卡太难？去商店升级再来试试吧!,關卡太難？去商店升級再來試試吧!,Too difficult? Please upgrade now and try again!,Trop difficile? Mets à jour maintenant et réessaie!,Troppo difficile? Effettua il miglioramento ora e riprova!,Zu schwer? Bitte aktualisieren Sie jetzt und versuchen Sie es erneut!,?Demasiado difícil? Actualiza ahora y vuelve a intentarlo.,Muito difícil? Atualize agora e tente novamente!,ยากมาก? โปรดอัปเกรดทันทีและลองอีกครั้ง!,Terlalu sulit? Mohon tingkatkan sekarang dan coba lagi!
tip_upgrade_it2,先试试升级推荐的食物，过关会更容易哦!,先試試升級推薦的食物，過關會更容易哦！,Too difficult? Please upgrade the food now!,Trop difficile? Améliore la nourriture maintenant!,Troppo difficile? Migliora subito il cibo!,Zu schwer? Bitte aktualisieren Sie das Essen jetzt!,?Demasiado difícil? ?Actualiza la comida ahora!,Muito difícil? Atualize a comida agora!,ยากมาก? กรุณาอัปเกรดอาหารตอนนี้!,Terlalu sulit? Mohon tingkatkan makanannya sekarang!
tip_upgrade_it3,关卡太难？去商店升级厨具再来试试吧!,關卡太難？去商店升級廚具再來試試吧!,Too difficult? Please upgrade the cookware now!,Trop difficile? Mets à jour la batterie de cuisine maintenant!,Troppo difficile? Migliora subito le pentole!,Zu schwer? Bitte aktualisieren Sie das Kochgeschirr jetzt!,?Demasiado difícil? ?Actualiza los utensilios de cocina ahora!,Muito difícil? Atualize os utensílios de cozinha agora!,ยากมาก? โปรดอัปเกรดเครื่องครัวเดี๋ยวนี้!,Terlalu sulit? Mohon tingkatkan peralatan masak sekarang!
tip_buy_it,关卡太难？购买{0}再来试试吧!,關卡太難？購買{0}再來試試吧!,Too difficult? Please buy the {0} now!,Trop difficile? Achète le {0} maintenant?!,Troppo difficile? Acquista subito {0}!,Zu schwer? Bitte kaufen Sie {0} jetzt!,?Demasiado difícil? ?Compra el {0} ahora!,Muito difícil? Compre o {0} agora!,ยากมาก? โปรดซื้อ {0} ตอนนี้!,Terlalu sulit? Silakan beli {0} sekarang!
tip_use_it,关卡太难？试一下使用{0}。,關卡太難？試一下使用{0}。 ,Too difficult? Give a try to the {0}.,Trop difficile? Essaie le {0}.,Troppo difficile? Prova con {0}.,Zu schwer? Probieren Sie die {0} aus.,?Demasiado difícil? Prueba el {0}.,Muito difícil? Experimente {0}.,ยากมาก? ลองใช้ {0},Terlalu sulit? Cobalah {0}.
tip_use_it1,{0}能大幅恢复顾客的耐心，减少顾客流失!,{0}能大幅恢復顧客的耐心，減少顧客流失!,Give a try to the {0} to keep customers waiting for longer.,Essaie le {0} pour faire attendre les clients plus longtemps.,Prova {0} per far aspettare i clienti più a lungo.,"Probieren Sie die {0} aus, damit die Kunden l?nger warten.",Prueba el {0} para hacer esperar a los clientes durante más tiempo.,Experimente o {0} para manter os clientes esperando por mais tempo.,ลองใช้ {0} เพื่อให้ลูกค้ารอนานขึ้น,Cobalah {0} untuk membuat pelanggan menunggu lebih lama.
tip_use_it2,{0}能大幅恢复顾客的耐心，帮你轻松收集赞！,{0}能大幅恢復顧客的耐心，幫你輕鬆收集贊！,Give a try to the {0} and will help you collect great easily!,Essaie le {0} et cela t'aidera à collecter plus facilement!,Prova {0}: ti aiuterà a raccogliere facilmente!,Versuchen Sie es mit {0} und Sie werden leicht gro?artig sammeln k?nnen!,Prueba el {0} y te ayudará a recolectar fantásticas fácilmente.,Experimente o {0} e o ajudará a coletar com facilidade!,ลองใช้ {0} และจะช่วยให้คุณรวบรวมสินค้าได้อย่างง่ายดาย!,Cobalah {0} dan akan membantumu mengumpulkan barang bagus dengan mudah!
tip_special_customer,请尽快服务这位顾客。,請盡快服務這位顧客。,Please serve this customer as soon as possible.,Sers ce client dès que possible.,Servi questo cliente il prima possibile.,Bitte bedienen Sie diesen Kunden so schnell wie m?glich.,Atiende a este cliente lo antes posible.,Atenda este/esta cliente o mais rápido possível.,กรุณาให้บริการลูกค้ารายนี้โดยเร็วที่สุด,Mohon layani pelanggan ini secepat mungkin.
tip_customer_count,这位顾客越满意，他就会来得越频繁。,這位顧客越滿意，他就會來得越頻繁。,"The more satisfied the he/she is, the more he/she comes back.","Plus il est satisfait, plus il reviendra.","Più il cliente sarà soddisfatto, più tornerà.","Je zufriedener er/sie ist, desto mehr kommt er/sie zurück.","Cuanto más satisfecho esté, más veces regresará.","Quanto maior sua satisfa??o, maior a chance de voltar.",ยิ่งเขาพอใจมากเท่าไหร่เขาก็ยิ่งกลับมามากขึ้นเท่านั้น,"Semakin puas dia, semakin sering dia kembali."
tip_food_count,事先多准备些这个菜品有助于完成任务哦。,事先多準備些這個菜品有助於完成任務哦。,Pre-make orders of this dish helps you to complete the task.,Les commandes préalables de ce plat t'aident à terminer la t?che.,Gli ordini preliminari di questo piatto ti aiutano a completare l'attività.,"Vorbestellungen für dieses Gericht helfen Ihnen, die Aufgabe zu erledigen.",Los pedidos anticipados de este plato te ayudan a completar el trabajo.,Pré-preparar os pedidos deste prato ajuda você a completar a tarefa.,การสั่งอาหารล่วงหน้าของอาหารจานนี้ช่วยให้คุณทำงานได้สำเร็จ,Pesanan hidangan yang telah dibuat sebelumnya ini membantumu menyelesaikan tugas.
g_updata_cola2,有很多顾客点可乐，我们需要先提升可乐机。,有很多顧客點可樂，我們需要先提升可樂機。,There are many orders for Coke. Let's upgrade the Coke fountain first.,Il y a de nombreuses commandes de Coca. Commen?ons par améliorer la fontaine à Coca.,Ci sono molti ordini di Coca-Cola. Miglioriamo prima la fontana della Coca-Cola.,Es gibt viele Bestellungen für Cola. Lassen Sie uns zuerst den Cola-Brunnen aktualisieren.,Hay muchos pedidos de Coca-Cola. Actualicemos primero la máquina de Coca-Cola.,Existem muitos pedidos de Coca-cola. Vamos atualizar a fonte de Coca-cola primeiro.,มีการสั่งซื้อโค้กจำนวนมาก มาอัปเกรดเครื่องกดโค้กกันก่อน,Ada banyak pesanan untuk Coke. Ayo perbarui air mancur Coke terlebih dahulu.
guide_updataItem,点击提升一下{0}吧。,點擊提升一下{0}吧。,Let's upgrade the {0}.,Améliore le {0}.,Miglioriamo {0}.,Lassen Sie uns die {0} aktualisieren.,Actualicemos el {0}.,Vamos atualizar o {0}.,มาอัปเกรด {0} กัน,Ayo tingkatkan {0}.
guide_openshop,本关需要更快速的服务顾客，是时候让我们厨具提速了。,本關需要更快速的服務顧客，是時候讓我們廚具提速了。,You need to serve the customers faster to pass this level. It's time to upgrade!,Tu dois servir les clients plus rapidement pour passer ce niveau. Il est temps de mettre à niveau!,Devi servire i clienti più velocemente per superare questo livello. ? ora di un miglioramento!,"Sie müssen die Kunden schneller bedienen, um dieses Level zu erreichen. Es ist Zeit für ein Upgrade!",Necesitas atender a los clientes más rápido para pasar este nivel. ?Es hora de actualizar!,Você precisa atender os clientes com mais rapidez para passar neste nível. ? hora de atualizar!,คุณต้องให้บริการลูกค้าเร็วขึ้นเพื่อผ่านระดับนี้ ถึงเวลาอัปเกรด!,Kau harus melayani pelanggan lebih cepat untuk melewati level ini. Saatnya untuk meningkatkan!
guide_updataItem2,经常保持升级能轻松过关。,經常保持升級能輕鬆過關。,Upgrade often to pass levels easier.,Mets à niveau souvent pour passer les niveaux plus facilement.,Effettua spesso miglioramenti per superare i livelli più facilmente.,"Aktualisieren Sie h?ufig, um Levels einfacher zu bestehen.",Actualiza a menudo para pasar niveles más fácilmente.,Atualize frequentemente para passar de nível mais facilmente.,อัปเกรดบ่อย ๆ เพื่อผ่านด่านได้ง่ายขึ้น,Tingkatkan versi sesering mungkin untuk melewati level dengan lebih mudah.
guide_updataFood,经常升级食物使它更加值钱。,經常升級食物使它更加值錢。,Upgrade dishes to earn more.,Améliore tes plats pour gagner plus.,Migliora i piatti per guadagnare di più.,"Aktualisieren Sie Gerichte, um mehr zu verdienen.",Mejora los platos para ganar más.,Atualize os pratos para ganhar mais.,อัปเกรดอาหารเพื่อรับรายได้มากขึ้น,Tingkatkan hidangan untuk mendapatkan lebih banyak.
guide_shop_updataFood,是时候让菜品更加值钱了！,是時候讓菜品更加值錢了！,It's time to make the dishes more expensive!,Il est temps d'augmenter le prix des plats!,? ora di rendere i piatti più costosi!,"Es ist Zeit, die Gerichte  teurer zu machen!",?Es hora de encarecer los platos!,? hora de deixar os pratos mais caros!,ถึงเวลาทำอาหารแพงขึ้น!,Saatnya membuat hidangan lebih mahal!
txt_getIt,领取,領取,Get it,Prends-le,Ottienilo,Besorgen Sie es,Consíguelo,Pegue,รับมัน,Mengerti
txt_no_use_trash,别丢掉任何东西!,別丟掉任何東西!,Don't trash anything!,Ne jette rien!,Non buttare nulla!,Machen Sie nichts kaputt!,?No tires nada!,N?o jogue nada no lixo!,อย่าทิ้งขยะ!,Jangan membuang apapun!
txt_no_burn,别烧焦任何食物!,別燒焦任何食物!,Don't get any food burned!,Ne br?le pas de nourriture!,Non far bruciare alcun cibo!,Lassen Sie kein Essen verbrennen!,?No quemes ningún alimento!,N?o queime nenhum alimento!,อย่าให้อาหารไหม้!,Jangan sampai ada makanan yang gosong!
txt_no_lost,别任何顾客流失哦!,別任何顧客流失哦!,Don't lost any customer!,Ne perds aucun client!,Non perdere nessun cliente!,Verlieren Sie keinen Kunden!,?No pierdas a ningún cliente!,N?o perca nenhum cliente!,อย่าเสียลูกค้า!,Jangan sampai kehilangan pelanggan!
txt_lost_cus,流失了1位顾客!,流失了1位顧客!,You lost a customer!,Tu as perdu un client!,Hai perso un cliente!,Sie haben einen Kunden verloren!,?Has perdido a un cliente!,Você perdeu um cliente!,คุณเสียลูกค้า!,Kau kehilangan pelanggan!
txt_trash_some,丢弃了东西!,丟棄了東西!,You trashed something!,Tu as g?ché quelque chose!,Hai buttatto via qualcosa!,Sie haben etwas kaputt gemacht!,?Has destrozado algo!,Você jogou algo no lixo!,คุณทิ้งอะไรบางอย่าง!,Kau membuang sesuatu!
txt_burn_some,烧焦了食物!,燒焦了食物!,You burned something!,Tu as br?lé quelque chose!,Hai bruciato qualcosa!,Sie haben etwas verbrannt!,?Quemaste algo!,Você queimou algo!,คุณเผาอะไรบางอย่าง!,Kau menggosongkan sesuatu!
txt_use_item,要使用 {0} 吗？,要使用 {0} 嗎?,Use {0} ?,Utiliser {0}?,Usa {0}?,{0} verwenden?,?Usar {0}?,Usar {0}?,ใช้ {0} ?,Gunakan {0}?
txt_add_customer,+{0}位顾客,+{0}位顧客,+{0} custs,+{0} clients,+ {0} clienti,+{0} Kunden,+ {0} clientes,+ {0} clientes,+ {0} ลูกค้า,+{0} pelanggan
txt_add_time,+{0}秒,+{0}秒,+{0}s,+{0} s,+{0}s,+{0}s,+{0}s,+{0}s,+ {0} วินาที,+{0}d
txt_no_time,没时间啦!,沒時間啦!,Out of time!,Temps écoulé!,Tempo scaduto!,Keine Zeit mehr!,?Fuera de tiempo!,Fora do tempo!,หมดเวลา!,Kehabisan waktu!
txt_no_customer,没有更多顾客了!,沒有更多顧客了!,No more customers!,Plus de clients!,Niente più clienti!,Keine Kunden mehr!,?No más clientes!,N?o há mais clientes!,ไม่มีลูกค้าอีกต่อไป!,Tidak ada lagi pelanggan!
txt_buy_now,马上购买,馬上購買,Buy now!,Achète maintenant!,Acquista ora!,Jatzt kaufen!,?Compra ahora!,Compre Agora!,ซื้อเลย!,Beli sekarang!
txt_upgrade_now,马上升级,馬上升級,Upgrade now!,Mets à jour maintenant!,Migliora ora!,Jetzt aktualisieren!,?Actualiza ahora!,Atualize agora!,อัปเกรดเดี๋ยวนี้!,Tingkatkan sekarang!
guide_difficult,困难关卡来了，一起打败它!,困難關卡來了，一起打敗它!,Come on! Beat the difficult level!,Allez! Gagne le niveau difficile!,Dai! Supera il livello difficile!,Kommen Sie schon! Schlie?en Sie das schwierige Level ab!,?Venga! ?Supera el nivel difícil!,Vamos! Supere o nível difícil!,มาเลย! เอาชนะระดับยาก!,Ayolah! Kalahkan level sulit!
txt_day,{0}天,{0}天,{0}d ,{0} j,{0}g,{0}d,{0}d,{0}d,{0} วัน,{0}h
txt_hour,{0}小时,{0}小時,{0}h ,{0} h,{0}h,{0}h,{0}h,{0}h,{0} ชม,{0} j
txt_min,{0}分,{0}分,{0}m ,{0} m,{0}m,{0}m,{0}m,{0}m,{0} นาที,{0}m
txt_min2,{0}分钟,{0}分鐘,{0}min,{0} min,{0}min,{0}min,{0}min,{0}min,{0} นาที,{0}mnt
txt_sec,{0}秒,{0}秒,{0}s,{0} s,{0}s,{0}s,{0}s,{0}s,{0} วินาที,{0}d
tip_keepwork,试试不要让{0}停下来!,試試不要讓{0}停下來!,Tips: Keep {0} working!,Conseil : fais en sorte que {0} fonctionne!,Suggerimenti: continua {0} a lavorare!,Tipps: {0} weiterarbeiten lassen!,Sugerencias: ?sigue {0} trabajando!,Dicas: Continue {0} trabalhando!,เคล็ดลับ: {0} ทำงานต่อไป!,Tips: Tetap {0} bekerja!
g_earn_coin,"金币不够升级了, 去挣更多吧!","金幣不夠升級了, 去掙更多吧!","Not enough coins to upgrade, go earn more!","Pas assez de pièces pour améliorer, gagnes-en plus!","Monete insufficienti per il miglioramento, vai a guadagnarne di più!","Nicht genug Münzen für ein Upgrade, verdienen Sie mehr!","No hay suficientes monedas para actualizar, ?gana más!","N?o há moedas suficientes para atualizar, vá ganhar mais!",เหรียญไม่เพียงพอที่จะอัปเกรด ไปรับเพิ่ม!,"Koin tidak cukup untuk meningkatkan, dapatkan lebih banyak!"
g_earn_more_coin,金币不够时，试试去挣更多再来升级！,金幣不夠時，試試去掙更多再來升級！,"If the coins are not enough, try to earn more!","Si les pièces ne suffisent pas, essaie d'en gagner plus!","Se le monete non bastano, prova a guadagnare di più!","Wenn die Münzen nicht ausreichen, versuchen Sie mehr zu verdienen!","Si las monedas no son suficientes, ?intenta ganar más!","Se as moedas n?o forem suficientes, tente ganhar mais!",หากเหรียญไม่เพียงพอ พยายามหารายได้เพิ่ม!,"Jika koin tidak cukup, cobalah untuk menghasilkan lebih banyak!"
txt_upgrade_all_full,关卡太难？先将下列项目升到满级，再试试吧!,關卡太難？先將以下項目升到滿級，再試試吧!,Too difficult? Please upgrade items to full level now!,Trop difficile? Mets à niveau les objets au niveau complet maintenant!,Troppo difficile? Migliora subito gli oggetti al livello completo!,Zu schwer? Bitte aktualisieren Sie die Gegenst?nde jetzt auf das volle Level!,?Demasiado difícil? ?Actualiza los elementos al nivel completo ahora!,Muito difícil? Atualize os itens para o nível completo agora!,ยากมาก? โปรดอัปเกรดไอเทมเป็นระดับเต็มทันที!,Terlalu sulit? Mohon tingkatkan item ke level penuh sekarang!
txt_upgrade_it_full,先将{0}升到满级，过关会更容易哦!,先將{0}升到滿級，過關會更容易哦！,"Please upgrade {0} to full level, it will be easier to pass the level!","Passe {0} au niveau complet, il sera plus facile de passer le niveau!","Migliora {0} al livello completo, sarà più facile superare il livello!","Bitte aktualisieren Sie {0} auf das volle Level, es wird einfacher sein, das Level zu bestehen!","Actualiza {0} al nivel completo, ?será más fácil pasar de nivel!","Atualize {0} para o nível completo, será mais fácil passar de nível!",โปรดอัปเกรด {0} เป็นระดับเต็ม การผ่านด่านจะง่ายขึ้น!,"Mohon tingkatkan {0} ke level penuh, akan lebih mudah untuk melewati level!"
txt_upgrade_all_lev,先试试升级以下项目，过关会更容易哦!,先試試升級以下項目，過關會更容易哦！,Try upgrading special items in the list to make passing levels easier!,Essaie de mettre à niveau les éléments spéciaux de la liste pour faciliter le passage des niveaux!,Prova a migliorare gli elementi speciali nell'elenco per rendere più facile il superamento dei livelli!,"Versuchen Sie, spezielle Gegenst?nde in der Liste zu aktualisieren, um das Abschlie?en von Levels zu erleichtern!",?Intenta actualizar los elementos especiales de la lista para facilitar el paso de niveles!,Tente atualizar itens especiais na lista para facilitar a passagem de nível!,ลองอัปเกรดไอเทมพิเศษในรายการเพื่อให้ผ่านด่านได้ง่ายขึ้น!,Coba tingkatkan item khusus dalam daftar untuk membuat kenaikan level lebih mudah!
txt_upgrade_it_lel,关卡太难？先升级{0}到{1}级，再试试吧!,"關卡太難？先升級{0}到{1}級, 再試試吧！",Too difficult? Please upgrade {0} to level {1} now!,Trop difficile? Fais passer {0} au niveau {1} maintenant!,Troppo difficile? Migliora {0} al livello {1} ora!,Zu schwer? Bitte aktualisieren Sie {0} jetzt auf Level {1}!,?Demasiado difícil? Actualiza {0} al nivel {1} ahora.,Muito difícil? Atualize {0} para o nível {1} agora!,ยากมาก? โปรดอัปเกรด {0} เป็นระดับ {1} ทันที!,Terlalu sulit? Mohon tingkatkan {0} ke level {1} sekarang!
txt_upgrade_item2,还有推荐项目未升级，继续升级？,還有推薦項目未升級，繼續升級？,Special items waiting to be upgraded. Continue to upgrade?,Objets spéciaux en attente de mise à niveau. Continuer la mise à niveau?,Oggetti speciali in attesa di essere migliorati. Continuare a migliorare?,"Spezielle Gegenst?nde, die auf eine Aktualisierung warten. Weiter aktualisieren?",Artículos especiales que esperan ser actualizados. ?Continuar con la actualización?,Itens especiais esperando para serem atualizados. Continuar a atualizar?,ไอเทมพิเศษที่รอการอัปเกรด อัปเกรดต่อไปไหม?,Item khusus menunggu untuk ditingkatkan. Lanjutkan untuk meningkatkan?
txt_continue1,这是最后的能量了，如果现在退出，需要等待能量恢复时间。,這是最後的能量了，如果現在退出，需要等待能量恢復時間。,"This is your last energy. If you quit now, you will have to wait for energies to restore.","Ceci est ta dernière énergie. Si tu arrêtes maintenant, tu devras attendre que les énergies se rétablissent.","Questa è la tua ultima energia. Se esci adesso, dovrai aspettare che le energie si ripristinino.","Dies ist Ihre letzte Energie. Wenn Sie jetzt aufh?ren, müssen Sie warten, bis die Energien wiederhergestellt sind.","Esta es tu última energía. Si abandonas ahora, tendrás que esperar a que se recuperen las energías.","Esta é sua última energia. Se você parar agora, terá que esperar que as energias sejam restauradas.",นี่คือพลังงานสุดท้ายของคุณ หากคุณเลิกใช้ตอนนี้ คุณจะต้องรอให้พลังงานกลับคืนมา,"Ini adalah energi terakhirmu. Jika kau keluar sekarang, kau harus menunggu energi terisi."
txt_continue2,再通关{0}次就能获得奖励啦，现在退出连续闯关进度将被清零！,再通關{0}次就能獲得獎勵啦，現在退出連續闖關進度將被清零！,Complete {0} more levels to earn rewards. Your progress will be lost if you quit now.,Termine {0} niveaux supplémentaires pour gagner des récompenses. Ta progression sera perdue si tu arrêtes maintenant.,"Completa {0} altri livelli per guadagnare ricompense. Se esci ora, i tuoi progressi andranno persi.","Schlie?en Sie {0} weitere Level ab, um Belohnungen zu erhalten. Ihr Fortschritt geht verloren, wenn Sie jetzt beenden.",Completa {0} más niveles para ganar recompensas. Tu progreso se perderá si dejas el juego ahora.,Conclua mais {0} níveis para ganhar recompensas. Seu progresso será perdido se você sair agora.,ผ่านอีก {0} ระดับเพื่อรับรางวัล ความก้าวหน้าของคุณจะหายไปถ้าคุณเลิกตอนนี้,Selesaikan {0} level lagi untuk mendapatkan hadiah. Kemajuanmu akan hilang jika kau keluar sekarang.
txt_continue3,这是最后的挑战机会了，如果现在退出，需要等待恢复时间。,這是最後的挑戰機會了，如果現在退出，需要等待恢復時間。,"This is your last energy. If you quit now, you will have to wait for energies to restore.",,,,,,,
g_watch_video,试试观看视频获得更多金币吧！,試試觀看視頻獲得更多金幣吧！,Try watching the video to get more coins!,Essaie de regarder la vidéo pour obtenir plus de pièces!,Prova a guardare il video per ottenere più monete!,"Sehen Sie sich das Video an, um mehr Münzen zu erhalten!",?Intenta ver el video para obtener más monedas!,Tente assistir ao vídeo para obter mais moedas!,ลองดูวิดีโอเพื่อรับเหรียญมากขึ้น!,Coba tonton videonya untuk mendapatkan lebih banyak koin!
g_get_video_reward,观看30秒的视频可以获得更多金币哦！,觀看30秒的視頻可以獲得更多金幣哦！,Watch a 30s video to earn more coins!,Regarde une vidéo des années 30 pour gagner plus de pièces!,Guarda un video di 30 secondi per guadagnare più monete!,"Sehen Sie sich ein 30er-Jahre-Video an, um mehr Münzen zu verdienen!",?Mira un video de los a?os 30 para ganar más monedas!,Assista a um vídeo de 30 segundos para ganhar mais moedas!,ดูวิดีโอ 30 วินาทีเพื่อรับเหรียญมากขึ้น!,Tonton video 30 detik-an untuk mendapatkan lebih banyak koin!
g_union_prop,来试试{0}和{1}一起使用的效果吧！,來試試{0}和{1}組合使用的效果吧！,Try using {0} and {1} together!,Essaie d'utiliser {0} et {1} ensemble!,Prova a utilizzare {0} e {1} insieme!,Versuchen Sie es mit {0} und {1} zusammen!,Intenta usar {0} y {1} juntos.,Tente usar {0} e {1} juntos!,ลองใช้ {0} และ {1} ร่วมกัน!,Coba gunakan {0} dan {1} bersama-sama!
g_commbo_helper,装备上{0}能轻松得到连续服务奖励，提高你的收益！,裝備上{0}能輕鬆得到連續服務獎勵，提高你的收益！,Equip {0} to get Serving Combo easily and earn more!,?quipe {0} pour obtenir facilement le combo de service et gagner plus!,Equipaggia {0} per ottenere facilmente Combo di servizio e guadagnare di più!,"Rüsten Sie {0} aus, um Bedienungs-Combo einfach zu bekommen und mehr zu verdienen!",?Equipa {0} para obtener Combinación de Servicio fácilmente y ganar más!,Equipe {0} para obter o Combo de Servir facilmente e ganhar mais!,ติดตั้ง {0} เพื่อรับคอมโบการเสิร์ฟอย่างง่ายดายและรับรายได้มากขึ้น!,Lengkapi {0} untuk mendapatkan Kombo Penyajian dengan mudah dan mendapatkan lebih banyak!
g_double_price,装备上{0}能让我们得到本关的双倍收益！,裝備上{0}使我們得到本關的雙倍收益！,Equip {0} to double your reward of the current level!,?quipe {0} pour doubler ta récompense du niveau actuel!,Equipaggia {0} per raddoppiare la ricompensa del livello attuale!,"Rüsten Sie {0} aus, um Ihre Belohnung des aktuellen Levels zu verdoppeln!",?Equipa {0} para duplicar tu recompensa del nivel actual!,Equipe {0} para dobrar sua recompensa do nível atual!,รับ {0} เพื่อรับรางวัลเป็นสองเท่าของระดับปัจจุบัน!,Lengkapi {0} untuk menggandakan hadiahmu pada level ini!
g_candyguide2,糖果机每天都会生产免费糖果，快去领取吧！,糖果機每天都會生產免費糖果，快去領取吧！,"The candy machine produces free candy everyday, harvest them now!","La machine à bonbons produit des bonbons gratuits tous les jours, récolte-les maintenant!","La macchina per caramelle produce caramelle gratuite ogni giorno, raccoglile ora!","Die Sü?igkeitenmaschine produziert jeden Tag kostenlose Sü?igkeiten, sammeln Sie diese jetzt!","La máquina de caramelos produce gratis todos los días, ?recógelos ahora!","A máquina de doces produz doces grátis todos os dias, colha-os agora!",เครื่องทำขนมผลิตขนมฟรีทุกวัน เก็บเกี่ยวเลย!,"Mesin permen menghasilkan permen gratis setiap hari, panen sekarang!"
g_candyguide3,升级糖果机每天会产出更多的糖果哦！,升級糖機果每天會產出更多的糖果哦！,Upgrade the candy machine to produce more candies everyday!,Améliore la machine à bonbons pour produire plus de bonbons tous les jours!,Migliora la macchina delle caramelle per produrre più caramelle ogni giorno!,"Aktualisieren Sie die Sü?igkeitenmaschine, um jeden Tag mehr Sü?igkeiten zu produzieren!",?Actualiza la máquina de caramelos para producir más caramelos todos los días!,Atualize a máquina de doces para produzir mais doces todos os dias!,อัปเกรดเครื่องทำขนมเพื่อผลิตขนมมากขึ้นทุกวัน!,Tingkatkan mesin permen untuk menghasilkan lebih banyak permen setiap hari!
tip_use_candy,赞太难得到？试试先用{0}安抚顾客再服务他们吧！,贊太難得到？試試先用{0}安撫顧客再服務他們吧！,Can't get enough likes? Try using {0} on the customers before serving them!,Tu n'as pas obtenu assez de likes? Essaie d'utiliser {0} sur les clients avant de les servir!,Non riesci a ottenere abbastanza Like? Prova a utilizzare {0} sui clienti prima di servirli!,"Sie k?nnen nicht genug Likes bekommen? Versuchen Sie, {0} für die Kunden zu verwenden, bevor Sie diese bedienen!",?No puedes obtener suficientes Me gusta? Intenta utilizar {0} en los clientes antes de atenderlos.,N?o consegue ter muitas curtidas? Experimente usar {0} nos clientes antes de atendê-los!,ไม่สามารถรับไลค์เพียงพอ? ลองใช้ {0} กับลูกค้าก่อนให้บริการ!,Tidak bisa mendapatkan cukup suka? Coba gunakan {0} pada pelanggan sebelum menyajikannya pada mereka!
tip_try_other_lev,换一关可能挣到更多钱！,換一關可能掙到更多錢！,Please try another level to earn more money!,Essaie un autre niveau pour gagner plus d'argent!,Prova un altro livello per guadagnare più soldi!,"Bitte versuchen Sie es mit einem anderen Level, um mehr Geld zu verdienen!",?Prueba otro nivel para ganar más dinero!,Tente outro nível para ganhar mais dinheiro!,โปรดลองอีกระดับเพื่อรับเงินมากขึ้น!,Silakan coba level lain untuk mendapatkan lebih banyak uang!
title_challenge,挑战关卡,挑戰關卡,Challenge,Défi,Sfida,Herausforderung,Desafío,Desafio,ท้าทาย,Tantangan
title_chall_tip,坚持{0}秒奖励!,堅持{0}秒獎勵!,Hold {0}S reward!,Obtiens {0}S récompense!,Tieni {0} di ricompensa!,Halte die Belohnung von {0} S!,?Mantén la recompensa {0} S!,Segure a recompensa de {0}S!,รับรางวัล {0} S!,Tahan hadiah {0}S!
challenge_1,恭喜，厨师声名广为传播，挑战模式已解锁!,恭喜，廚師聲名廣為傳播，挑戰模式已解鎖!,"Congratulations, Challenge mode is unlocked!","Félicitations, le mode Défi est déverrouillé.","Congratulazioni, la modalità Sfida è sbloccata.","Herzlichen Glückwunsch, der Herausforderungsmodus ist freigeschaltet.","Felicidades, el modo Desafío está desbloqueado.","Parabéns, o modo Desafio está desbloqueado.",ขอแสดงความยินดีโหมดท้าทายถูกปลดล็อกแล้ว,"Selamat, mode Tantangan terbuka."
challenge_2,尽可能坚持更久时间来赚取更多金币！快去大显身手吧。,盡可能堅持更久時間來賺取更多金幣！快去大顯身手吧。,Keep on serving and earning coins as long as you can. it's showtime!,Continue à servir et à gagner des pièces aussi longtemps que tu le peux. C'est l'heure du spectacle!,Continua a servire e guadagnare monete il più a lungo possibile. è ora di dare spettacolo!,"Bedienen Sie und verdienen Sie weiterhin Münzen, solange Sie k?nnen. Es ist Showtime!",Sigue sirviendo y ganando monedas todo el tiempo que puedas. es hora del espectáculo!,Continue servindo e ganhando moedas o máximo que puder. ? hora do show!,ให้บริการและรับเหรียญให้นานที่สุดเท่าที่จะทำได้ ถึงเวลาฉายแล้ว!,Terus layani dan dapatkan koin selama kau bisa. waktunya pertunjukan!
g_friendhelp,使用免费星星继续玩，玩话题游戏会获得更多免费星星。,使用免費星星繼續玩，玩話題遊戲會獲得更多免費星星。,"Continue to play with free star, and play quiz games will get more free stars.","Continue à jouer avec des étoiles gratuites, et les jeux de quiz accorderont plus d'étoiles gratuites.",Continua a giocare con la stella gratuita; se giochi ai quiz otterrai più stelle gratuite.,"Spielen Sie weiter mit kostenlosen Sternen und spielen Sie Quizspiele, um mehr kostenlose Sterne zu erhalten.",Continúa jugando con estrella gratis y los juegos de preguntas y respuestas obtendrán más estrellas gratis.,"Continue a jogar com estrelas grátis, e jogue os quizzes para obter mais estrelas grátis.",เล่นกับดาวฟรีต่อและเล่นเกมตอบคำถามเพื่อรับดาวฟรีมากขึ้น,"Terus mainkan dengan bintang gratis, dan mainkan game kuis akan mendapatkan lebih banyak bintang gratis."
tip_play_quiz,还有免费星星未领取，现在去领！,还有免费星星未领取，现在去领！,"Play fun quiz and get more stars, get it now!","Joue à des quiz amusants et obtiens plus d'étoiles, obtiens-les maintenant!","Gioca a quiz divertenti e ottieni più stelle, ottienile ora!","Spielen Sie ein lustiges Quiz und holen Sie sich mehr Sterne, holen Sie diese jetzt!","Juega un divertido cuestionario y obtén más estrellas, ?obténlo ahora!","Jogue um quiz divertido e obtenha mais estrelas, obtenha agora!",เล่นแบบทดสอบสนุก ๆ และรับดาวมากขึ้น รับทันที!,"Mainkan kuis seru dan dapatkan lebih banyak bintang, dapatkan sekarang!"
tip_will_get,你将获得:,你將獲得：,You will get:,Tu auras?:,Otterrai:,Sie erhalten:,Conseguirás:,Você terá:,คุณจะได้รับ:,Kau akan mendapatkan:
title_infinite,无尽模式,無盡模式,Endless Mode,Mode sans fin,Modalità infinita,Endloser Modus,Modo sin fin,Modo infinito,โหมดไม่มีที่สิ้นสุด,Mode Endless
title_guild,公会,公會,Guild,Guilde,Gilda,Gilde,Gremio,Guilda,กิลด์,Guild
suggest_up_cw,装备需要提升，去建议好友升级厨具?,裝備需要提升，去建議好友升級廚具?,"Equipment needs to be improved, to suggest friend now?","L'équipement doit être amélioré, suggérer un ami maintenant?","L'attrezzatura deve essere migliorata, suggerire a un amico ora?","Ausrüstung muss verbessert werden, jetzt Freund vorschlagen?","El equipo necesita ser mejorado, ?sugerir un amigo ahora?","O equipamento precisa ser melhorado, sugerir amigo agora?",จำเป็นต้องปรับปรุงอุปกรณ์เพื่อแนะนำเพื่อนตอนนี้?,"Perlengkapan perlu ditingkatkan, sarankan teman sekarang?"
suggest_up_fd,食物太廉价，去建议好友升级食物?,食物太廉價，去建議好友升級食物?,"Food is too cheap, suggest friend to upgrade food?","La nourriture est trop bon marché, suggérer à un ami de mettre à niveau la nourriture??","Il cibo è troppo economico, suggerire a un amico di aggiornare il cibo?","Essen ist zu billig, Freund vorschlagen, Essen zu verbessern?","La comida es demasiado barata, ?le sugieres a un amigo que mejore la comida?","A comida é muito barata, sugerir um amigo para atualizar a comida?",อาหารถูกเกินไปแนะนำให้เพื่อนอัปเกรดอาหาร?,"Makanan terlalu murah, sarankan teman untuk meningkatkan makanan?"
cus_generous_man,富豪,富豪,GenerousMan,,,,,,,
cus_fat_man,肥佬,肥佬,FatMan,,,,,,,
cus_journalist,记者,记者,journalist,,,,,,,
cus_friend_girl,朋友,朋友,friend_girl,,,,,,,
cus_student_girl,女学生,女学生,student_girl,,,,,,,
cus_office_lady,女白领,女白领,office_lady,,,,,,,
cus_artist_man,艺术家,艺术家,ArtistMan,,,,,,,
cus_cowboy,男牛仔,男牛仔,CowBoy,,,,,,,
cus_cue_boy,解谜男孩,解谜男孩,CueBoy,,,,,,,
cus_feeder,女饲养员,女饲养员,Feeder,,,,,,,
cus_hoopman,篮球运动员,篮球运动员,HoopMan,,,,,,,
cus_model_girl,女模特,女模特,ModelGirl,,,,,,,
cus_amanda,阿曼达,阿曼达,Amanda,,,,,,,
cus_old_woman,老太太,老太太,OldWoman,,,,,,,
cus_pumpkin_head,南瓜仔,南瓜仔,PumpkinMan,,,,,,,
cus_racing_driver,赛车手,赛车手,RacingDrive,,,,,,,
cus_sailor_man,海军,海军,SailorMan,,,,,,,
cus_singer_girl,女歌手,女歌手,SingerGirl,,,,,,,
cus_thief,小偷,小偷,Thief,,,,,,,
cus_weird_man,暴躁老头,暴躁老头,WeirdMan,,,,,,,
cus_magician,魔法师,魔法师,Magician,,,,,,,
fd_burn_food,烧焦食物,燒焦食物,Burn food,,,,,,,
fd_anyfood,任意食物,任意食物,Any food,,,,,,,
fd_salad,沙拉,沙律,Salad,,,,,,,
fd_coke,可乐,可樂,Cola,,,,,,,
fd_fried_sausage,煎香肠,煎香腸,Fried sausage,,,,,,,
fd_hot_dog,热狗,熱狗,Hot dog,,,,,,,
fd_burgers,煎牛肉饼,煎牛肉餅,Beef patty,,,,,,,
fd_raw_chips,生土豆条,生洋芋條,Raw chips,,,,,,,
fd_chips,薯条,薯條,French fires,,,,,,,
fd_hambuger,汉堡包,漢堡包,Hambuger,,,,,,,
fd_fried_eggs,煎蛋,煎蛋,Fried eggs,,,,,,,
fd_poached_egg,去壳水煮蛋,去殼水煮蛋,Poached egg,,,,,,,
fd_asparagus_omelette,芦笋蛋饼,蘆筍蛋餅,Asparagus Omelette,,,,,,,
fd_bacon_omelette,培根蛋饼,培根蛋餅,Bacon Omelette,,,,,,,
fd_bacon,培根,培根,Bacon,,,,,,,
fd_roasted_asparagus,烤芦笋,烤蘆筍,Roasted Asparagus,,,,,,,
fd_fried_egg_sandwich,煎蛋三文治,煎蛋三文治,Fried egg sandwich,,,,,,,
fd_black_coffee,黑咖啡,黑咖啡,Black Coffee,,,,,,,
fd_caesar_salad,凯撒沙拉,凱撒沙拉,Caesar salad,,,,,,,
fd_tomato_cucumber_salad,番茄黄瓜沙拉,番茄黃瓜沙拉,Tomato cucumber salad,,,,,,,
fd_smoked_salmon_cobb,烟熏三文鱼科布沙拉,煙熏三文魚科布沙拉,Smoked salmon cobb,,,,,,,
fd_roasted_tomatoes,焗西红柿,焗西紅柿,Cheesy Baked Tomatoes,,,,,,,
fd_toast,烤面包片,烤麵包片,Toast,,,,,,,
fd_bacon_sandwiches,培根三文治,培根三文治,Bacon sandwiches,,,,,,,
fd_omelette,蛋饼,蛋餅,Omelette,,,,,,,
fd_avocado_omelet_salad,牛油果蛋饼沙拉,牛油果蛋餅沙拉,Avocado omelet salad,,,,,,,
fd_bacon_benedict_egg,培根班尼迪克蛋,培根班尼迪克蛋,Bacon Eggs Benedict,,,,,,,
fd_tomato_benedict_egg,西红柿班尼迪克蛋,西紅柿班尼迪克蛋,Tomato Eggs Benedict,,,,,,,
fd_avocado_bacon,培根卷鳄梨,培根卷鱷梨,Bacon Wrapped Avocado,,,,,,,
fd_waffle,华夫饼,華夫餅,Waffle,,,,,,,
fd_strawberry_waffle,草莓华夫饼,草莓華夫餅,Strawberry waffle,,,,,,,
fd_blueberry_waffle,蓝莓华夫饼,藍莓華夫餅,Blueberry waffle,,,,,,,
fd_chocolate_waffle,巧克力华夫饼,巧克力華夫餅,Chocolate waffle,,,,,,,
fd_juice,果汁,果汁,Juice,,,,,,,
fd_potato_cake,薯饼,薯餅,Hash Browns,,,,,,,
fd_tomato_soup,番茄汤,番茄湯,Tomato soup,,,,,,,
fd_strawberry_pie,草莓派,草莓派,Strawberry pie,,,,,,,
fd_blueberry_pie,蓝莓派,藍莓派,Blueberry pie,,,,,,,
fd_oatmeal,燕麦粥,燕麥粥,Oatmeal,,,,,,,
fd_milk_corn,牛奶玉米片,牛奶玉米片,Milk Cornflakes,,,,,,,
fd_strawberry_milk_corn,草莓牛奶玉米片,草莓牛奶玉米片,Strawberry Milk Cornflakes,,,,,,,
fd_blueberry_milk_corn,蓝莓牛奶玉米片,藍莓牛奶玉米片,Blueberry Milk Cornflakes,,,,,,,
fd_chocolate_milk_corn,巧克力牛奶,巧克力牛奶,Chocolate Milk Cornflakes,,,,,,,
fd_muffin,松饼,鬆餅,Pancake,,,,,,,
fd_strawberry_muffin,草莓松饼,草莓鬆餅,Strawberry Pancake,,,,,,,
fd_banana_muffin,香蕉松饼,香蕉鬆餅,Banana Pancake,,,,,,,
fd_chocolate_muffin,巧克力松饼,巧克力鬆餅,Chocolate Pancake,,,,,,,
fd_baked_oatmeal,烤燕麦,烤燕麥,Baked Oatmeal,,,,,,,
fd_baked_ham,煎火腿片,煎火腿片,Grilled ham,,,,,,,
fd_grilled_chicken,烤鸡胸肉,烤雞胸肉,Grilled chicken breast,,,,,,,
fd_milkshake,奶昔,奶昔,Milkshake,,,,,,,
fd_clam_soup,蛤蜊浓汤,蛤蜊濃湯,Clam chowder,,,,,,,
fd_fried_broccoli,炒西兰花,炒西蘭花,Fried broccoli,,,,,,,
fd_grilled_corn,烤玉米,烤玉米,Grilled corn,,,,,,,
fd_chicken_with_tomato,番茄拌鸡胸肉,番茄拌雞胸肉,Chicken with tomato,,,,,,,
fd_chicken_with_broccoli,鸡肉西兰花沙拉,雞肉西蘭花沙拉,Chicken with broccoli,,,,,,,
fd_chicken_sandwich,鸡肉三文治,雞肉三文治,Chicken sandwich,,,,,,,
fd_cooked_lobster,熟龙虾,熟龍蝦,Cooked lobster,,,,,,,
fd_lobster_with_broccoli,西兰花龙虾,西蘭花龍蝦,Lobster with broccoli,,,,,,,
fd_lobster_with_corn,龙虾玉米,龍蝦玉米,Lobster with corn,,,,,,,
fd_lobster_roll,龙虾卷,龍蝦卷,Lobster roll,,,,,,,
fd_baked_potato,烤土豆,烤土豆,Baked potato,,,,,,,
fd_fried_steak,煎牛排,煎牛排,Fried steak,,,,,,,
fd_steak_with_broccoli,西兰花牛排,西蘭花牛排,Steak with broccoli,,,,,,,
fd_steak_with_tomato,番茄牛排,番茄牛排,Steak with tomato,,,,,,,
fd_steak_sandwich,牛排三文治,牛排三文治,Steak sandwich,,,,,,,
fd_lobster_soup,龙虾浓汤,龍蝦濃湯,Lobster bisque,,,,,,,
ing_egg,鸡蛋,雞蛋,Egg,,,,,,,
ing_sausage,香肠,香腸,Sausage,,,,,,,
ing_lettuce,生菜,生菜,Lettuce,,,,,,,
ing_tomato,西红柿,西紅柿,Tomato,,,,,,,
ing_hotdogbuns,热狗皮,熱狗皮,Hotdogbuns,,,,,,,
ing_meat_pie,肉饼,肉餅,Meat pie,,,,,,,
ing_potato,土豆,土豆,Potato,,,,,,,
ing_burgerbuns,汉堡皮,漢堡皮,Burgerbuns,,,,,,,
ing_ketchup,番茄酱,番茄醬,Ketchup,,,,,,,
ing_milk,牛奶,牛奶,Milk,,,,,,,
ing_smoked_meat,烟熏肉,煙熏肉,Smoked meat,,,,,,,
ing_ham_slices,火腿片,火腿片,Ham slices,,,,,,,
ing_orange,甜橙,甜橙,Orange,,,,,,,
ing_blueberry,蓝莓,藍莓,Blueberry,,,,,,,
ing_strawberry,草莓,草莓,Strawberry,,,,,,,
ing_banana,香蕉,香蕉,Banana,,,,,,,
ing_kiwi,奇异果,奇異果,Kiwi,,,,,,,
ing_cheese,芝士,芝士,Cheese,,,,,,,
ing_flour,面粉,麵粉,Flour,,,,,,,
ing_oatmeal_i,谷物麦片,穀物麥片,Oatmeal,,,,,,,
ing_yeaset,酵母粉,酵母粉,Yeast,,,,,,,
ing_asparagus,芦笋,蘆筍,Asparagus,,,,,,,
ing_sliced_bread,面包片,麵包片,Sliced Bread,,,,,,,
ing_chocolate,巧克力,巧克力,Chocolate,,,,,,,
ing_corn_crepes,玉米饼,玉米餅,Corn crepes,,,,,,,
ing_butter,黄油,黃油,Butter,,,,,,,
ing_onion,洋葱,洋蔥,Onion,,,,,,,
ing_shrimp,虾,蝦,Shrimp,,,,,,,
ing_salmon,烟熏三文鱼,煙熏三文魚,Smoked salmon,,,,,,,
ing_cucumber,黄瓜,黃瓜,Cucumber,,,,,,,
ing_avocado,牛油果,牛油果,Avocado,,,,,,,
ing_pie_crust,派皮,派皮,Pie crust,,,,,,,
ing_raw_potatocake,生薯饼,生薯餅,Raw potato cake,,,,,,,
ing_syrup,糖浆,糖漿,Syrup,,,,,,,
ing_chicken_breast,鸡胸肉,雞胸肉,Chicken breast,,,,,,,
ing_clam,蛤蜊,蛤蜊,Clam,,,,,,,
ing_corn,玉米饼,玉米餅,Corn crepes,,,,,,,
ing_broccoli,西兰花,西蘭花,Broccoli,,,,,,,
ing_long_bread,长面包,長麵包,Long bread,,,,,,,
ing_lobster,龙虾,龍蝦,Lobster,,,,,,,
ing_raw_steak,生牛排,生牛排,Raw steak,,,,,,,
ing_raw_croissants,生牛角包,生牛角包,Raw croissant,,,,,,,
ing_raw_squid,生鱿鱼圈,生魷魚圈,Raw squid,,,,,,,
ing_chocolate_sauce,巧克力酱,巧克力醬,Chocolate sauce,,,,,,,
ing_ice,冰块,冰塊,Ice,,,,,,,
ing_cake_batter,蛋糕糊,蛋糕糊,Cake batter,,,,,,,
ing_raisins,葡萄干,葡萄乾,Raisin,,,,,,,
ing_lemon,柠檬片,檸檬片,Lemon,,,,,,,
ing_raw_cinnamon_rolls,生肉桂卷,生肉桂卷,Raw cinnamon rolls,,,,,,,
ing_donuts,甜甜圈,甜甜圈,Donuts,,,,,,,
ing_jam,果酱,果醬,Jam,,,,,,,
ing_mushroom_slices,蘑菇片,蘑菇片,Mushroom slices,,,,,,,
ing_corn_kernels,玉米粒,玉米粒,Corn kernels,,,,,,,
ing_cherry_tomatoes,圣女果,聖女果,Cherry Tomatoes,,,,,,,
ing_pancakes,煎饼液,煎餅液,Pancakes,,,,,,,
ing_cupcakes,纸杯蛋糕,紙杯蛋糕,Cupcakes,,,,,,,
ing_almond,杏仁,杏仁,Almond,,,,,,,
ing_pecan,山核桃,山核桃,Pecan,,,,,,,
ing_cream,奶油,奶油,Cream,,,,,,,
ing_apple,苹果,蘋果,Apple,,,,,,,
ing_pineapple,菠萝,菠蘿,Pineapple,,,,,,,
ing_jelly_beans,糖豆,糖豆,Jelly beans,,,,,,,
ing_candy_bar,糖果棒,糖果棒,Candy bar,,,,,,,
ing_turkey,火鸡,火雞,Turkey,,,,,,,
ing_cranberry_sauce,红莓酱,紅莓醬,Cranberry sauce,,,,,,,
ing_carrot,胡萝卜,胡蘿蔔,Carrot,,,,,,,
ing_raw_lasagna,千层面,千層麵,Lasagna,,,,,,,
ing_raw_pizza,生披萨,生披薩,Raw pizza,,,,,,,
ing_dumplings,生饺子,生餃子,Raw dumplings,,,,,,,
ing_cooked_shrimp,熟虾肉,熟蝦肉,Cooked shrimp,,,,,,,
ing_grilled_asparagus,烤芦笋,烤蘆筍,Grilled asparagus,,,,,,,
ing_roast_eggplant,烤熟茄子片,烤熟茄子片,Roast eggplant,,,,,,,
ing_raw_tempura,生天妇罗,生天婦羅,Raw tempura,,,,,,,
ing_dough,面团,麵團,Dough,,,,,,,
ing_raw_tofu_ball,生豆腐球,生豆腐球,Raw tofu balls,,,,,,,
ing_red_bean_paste,红豆沙,紅豆沙,Red bean paste,,,,,,,
ing_roast_beef,熟牛肉,熟牛肉,Cooked beef,,,,,,,
ing_shredded_vegetables,蔬菜丝,蔬菜絲,Shredded vegetables,,,,,,,
ing_seaweed,海苔,海苔,Seaweed,,,,,,,
ing_sashimi,生鱼片,生魚片,Sashimi,,,,,,,
ing_prunes,梅干,梅乾,Prunes,,,,,,,
ing_red_pepper,红辣椒,紅辣椒,Red pepper,,,,,,,
ing_have_bread,生面包,生麵包,Have bread,,,,,,,
ing_tripe,牛肚,牛肚,Tripe,,,,,,,
ing_mayonnaise,蛋黄酱,蛋黃醬,Mayonnaise,,,,,,,
ing_seasoning,调料,調料,Seasoning,,,,,,,
cw_k1fryingpan ,煎锅,煎鍋,,,,,,,,
cw_k1cuttingboard ,砧板,砧板,,,,,,,,
cw_k1worktable ,桌布,桌布,,,,,,,,
cw_k1colamachine ,可乐机,可樂機,,,,,,,,
cw_k1fryer ,油炸锅,油炸鍋,,,,,,,,
cw_k2fryingpan1 ,煎锅,煎鍋,,,,,,,,
cw_k2cuttingboard1 ,砧板,擋板,,,,,,,,
cw_k2coffeemachine1 ,咖啡机,咖啡機,,,,,,,,
cw_k2grillpan1 ,烤盘,烤盤,,,,,,,,
cw_k2holdingplate1 ,置物架,置物架,,,,,,,,
cw_k2oven1 ,烤箱,烤箱,,,,,,,,
cw_k2sandwichplate1 ,三文治板,三文治板,,,,,,,,
cw_k2breadmaker1 ,吐司机,吐司機,,,,,,,,
cw_k2eggmachine1 ,蒸蛋机,蒸蛋機,,,,,,,,
cw_k2worktable1 ,桌布,桌布,,,,,,,,
cw_k2benedictboard1 ,班尼迪克蛋板,班尼迪克蛋板,,,,,,,,
cw_k2eggrollmachine1 ,蛋卷机,蛋捲機,,,,,,,,
cw_k2waffle2 ,华夫铁,華夫鐵,,,,,,,,
cw_k2blender2 ,果汁机,果汁機,,,,,,,,
cw_k2fryer2 ,平底铁锅,平底鐵鍋,,,,,,,,
cw_k2oven2 ,烤箱,烤箱,,,,,,,,
cw_k2stockpot2 ,汤锅,湯鍋,,,,,,,,
cw_k2waffleworktable2 ,华夫饼工作台,華夫餅工作台,,,,,,,,
cw_k2chocolatefurnace2 ,巧克力熔炉,巧克力熔爐,,,,,,,,
cw_k2cornflakemachine2 ,玉米片机,玉米片機,,,,,,,,
cw_k2milkworktable2 ,牛奶工作台,牛奶工作台,,,,,,,,
cw_k2muffinmachine2 ,松饼机,鬆餅機,,,,,,,,
cw_k2muffinworktable2 ,松饼工作台,鬆餅工作台,,,,,,,,
cw_k2bakingfurnace3 ,烤炉,烤爐,,,,,,,,
cw_k2milkshakemachine3 ,奶昔机,奶昔機,,,,,,,,
cw_k2oven3 ,烤箱,烤箱,,,,,,,,
cw_k2cuttingboard3 ,砧板,擋板,,,,,,,,
cw_k2squarepan3 ,方形平底锅,方形平底鍋,,,,,,,,
cw_k2worktable3 ,桌布,桌布,,,,,,,,
cw_k2steamer3 ,蒸锅,蒸鍋,,,,,,,,
cw_k2shrimpdish3 ,虾盘,蝦盤,,,,,,,,
cw_k2griddle3 ,扒炉,扒爐,,,,,,,,
cw_k2steakplate3 ,牛排板,牛排板,,,,,,,,
cw_k2stewpan3 ,炖锅,燉鍋,,,,,,,,
boosts_neverBurn,灭火器,滅火器,,,,,,,,
boosts_2ndChance,第二次机会,第二次機會,,,,,,,,
boosts_add3cus,+3位顾客,+3位顧客,,,,,,,,
boosts_add30sec,+30秒,+30秒,,,,,,,,
boosts_exFoodPrice,金币翻倍,金幣翻倍,,,,,,,,
boosts_friend_help,好友帮助,好友幫助,,,,,,,,
boosts_exCookSpeed,稳定火力,穩定火力,,,,,,,,
boosts_addpatient,免费糖果,免費糖果,,,,,,,,
boosts_timeStop,魔力红心,魔力紅心,,,,,,,,
boosts_comboHelper,助连器,助連器,,,,,,,,
desc_neverBurn,本关食物将不会被烧焦,本關食物將不會被燒焦,,,,,,,,
desc_2ndChance,你有机会挽救自己的失误,你有機會挽救自己的失誤,,,,,,,,
desc_add3cus,额外增加三个顾客,額外增加三個顧客,,,,,,,,
desc_add30sec,额外增加30秒,額外增加30秒,,,,,,,,
desc_exFoodPrice,使本关收益翻倍!,使本關收益翻倍!,,,,,,,,
desc_exCookSpeed,大幅缩减厨具的烹饪时间,大幅縮減廚具的烹飪時間,,,,,,,,
desc_timeStop,使场上顾客开心持续一段时间,使場上顧客開心持續一段時間,,,,,,,,
desc_comboHelper,大幅提高连续服务的成功概率,大幅提高連續服務的成功概率,,,,,,,,
guide_neverBurn,使用灭火器能使关卡中的食物不会烧焦,使用滅火器能使關卡中的食物不會燒焦,,,,,,,,
guide_exFoodPrice,使本关收益翻倍,使本關收益翻倍,,,,,,,,
guide_exCookSpeed,使用稳定火力大幅缩减厨具的烹饪时间!,使用穩定火力大幅縮減廚具的烹飪時間!,,,,,,,,
guide_comboHelper,使用助连器能提连续服务的成功率!,使用助連器能提連續服務的成功率!,,,,,,,,
pack_apprentice,学徒礼包,學徒禮包,,,,,,,,
pack_initial,入门厨师礼包,入門廚師禮包,,,,,,,,
pack_intermediate,中级厨师礼包,中級廚師禮包,,,,,,,,
pack_advanced,高级厨师礼包,高級廚師禮包,,,,,,,,
pack_starter,新手礼包,新手禮包,,,,,,,,
pack_christmas,圣诞节礼包,聖誕節禮包,,,,,,,,
rest_food_truck,快餐车,快餐車,Food Truck,,,,,,,
rest_breakfast,早餐厅,早餐廳,Breakfast,,,,,,,
Intro2Orders,"顾客点了两个不同的食物,请仔细看清楚他的订单!","顧客點了兩個不同的食物,請仔細看清楚他的訂單!",,Attention! The customer has ordered 2 different dishes!,,,,,,
